Order_ID,Order_Date,Region,Country,Product_Category,Product_Name,Quantity,Unit_Price,Revenue,Cost,Profit,Customer_Segment,Sales_Channel
ORD0001,2025-06-13,Europe,Germany,Office Supplies,Pen Set,8,3,24,14.54,9.46,B2B,Partner
ORD0002,2025-05-20,Europe,Netherlands,Furniture,Chair,1,60,60,34.41,25.59,B2B,Partner
ORD0003,2025-06-04,Europe,Netherlands,Electronics,Headphones,18,40,720,471.51,248.49,B2C,Partner
ORD0004,2025-03-13,Europe,France,Office Supplies,Pen Set,11,3,33,20.44,12.56,B2B,Retail
ORD0005,2025-01-27,Europe,Spain,Electronics,Tablet,12,250,3000,2102.79,897.21,B2B,Partner
ORD0006,2025-04-28,North America,USA,Furniture,Chair,18,60,1080,673.16,406.84,B2C,Partner
ORD0007,2025-02-19,North America,USA,Electronics,Headphones,8,40,320,237.85,82.15,B2B,Online
ORD0008,2025-01-26,Asia,Japan,Furniture,Shelf,12,120,1440,850.56,589.44,B2C,Online
ORD0009,2025-06-21,Asia,Singapore,Office Supplies,Printer Paper,3,8,24,16.85,7.15,B2B,Partner
ORD0010,2025-03-04,Europe,Spain,Furniture,Desk,18,200,3600,2177.65,1422.35,B2C,Online
ORD0011,2025-02-28,Europe,Italy,Furniture,Desk,3,200,600,361.65,238.35,B2C,Online
ORD0012,2025-06-17,Asia,Japan,Office Supplies,Pen Set,5,3,15,9.24,5.76,B2B,Partner
ORD0013,2025-05-24,North America,Canada,Office Supplies,Printer Paper,14,8,112,86.74,25.26,B2C,Retail
ORD0014,2025-02-26,Europe,Netherlands,Furniture,Chair,2,60,120,91.83,28.17,B2B,Partner
ORD0015,2025-02-10,North America,Canada,Office Supplies,Notebook,13,5,65,41.95,23.05,B2C,Partner
ORD0016,2025-03-06,North America,USA,Office Supplies,Printer Paper,4,8,32,23.05,8.95,B2C,Partner
ORD0017,2025-03-29,Europe,Italy,Furniture,Chair,15,60,900,495.73,404.27,B2C,Partner
ORD0018,2025-02-15,North America,USA,Office Supplies,Pen Set,17,3,51,35.81,15.19,B2B,Retail
ORD0019,2025-02-11,North America,USA,Office Supplies,Pen Set,16,3,48,26.63,21.37,B2C,Retail
ORD0020,2025-03-03,Europe,France,Office Supplies,Notebook,3,5,15,10.99,4.01,B2B,Partner
ORD0021,2025-02-02,Europe,Spain,Office Supplies,Notebook,9,5,45,30.69,14.31,B2C,Online
ORD0022,2025-05-19,North America,USA,Office Supplies,Pen Set,13,3,39,31.15,7.85,B2C,Retail
ORD0023,2025-05-13,Asia,India,Electronics,Mobile,3,300,900,571.07,328.93,B2B,Partner
ORD0024,2025-02-26,Europe,Germany,Office Supplies,Printer Paper,2,8,16,9.72,6.28,B2B,Retail
ORD0025,2025-01-19,North America,USA,Furniture,Shelf,16,120,1920,1158.83,761.17,B2B,Partner
ORD0026,2025-05-27,North America,Canada,Electronics,Monitor,14,180,2520,1505.96,1014.04,B2B,Partner
ORD0027,2025-04-21,Asia,Japan,Furniture,Desk,2,200,400,287.34,112.66,B2B,Online
ORD0028,2025-04-14,North America,Canada,Electronics,Mobile,7,300,2100,1254.86,845.14,B2C,Online
ORD0029,2025-04-19,Europe,Italy,Furniture,Chair,3,60,180,118.94,61.06,B2B,Online
ORD0030,2025-06-16,North America,USA,Electronics,Mobile,6,300,1800,1172.89,627.11,B2C,Online
ORD0031,2025-04-13,Europe,France,Furniture,Chair,13,60,780,480.71,299.29,B2C,Retail
ORD0032,2025-04-19,North America,Canada,Electronics,Mobile,10,300,3000,1813.28,1186.72,B2B,Partner
ORD0033,2025-05-19,Europe,Italy,Electronics,Laptop,19,800,15200,10171.8,5028.2,B2B,Online
ORD0034,2025-05-11,Europe,France,Electronics,Keyboard,3,35,105,75.47,29.53,B2B,Retail
ORD0035,2025-01-31,North America,USA,Office Supplies,Printer Paper,2,8,16,11.28,4.72,B2C,Partner
ORD0036,2025-05-30,North America,Canada,Furniture,Chair,11,60,660,402.38,257.62,B2C,Online
ORD0037,2025-06-21,North America,Canada,Furniture,Desk,3,200,600,331.4,268.6,B2B,Online
ORD0038,2025-05-18,Europe,Netherlands,Furniture,Chair,12,60,720,554.56,165.44,B2B,Retail
ORD0039,2025-03-14,Europe,Spain,Office Supplies,Printer Paper,10,8,80,56.23,23.77,B2B,Partner
ORD0040,2025-05-22,Asia,Singapore,Electronics,Mobile,9,300,2700,1562.91,1137.09,B2B,Partner
ORD0041,2025-05-22,Europe,Italy,Furniture,Shelf,7,120,840,612.7,227.3,B2B,Partner
ORD0042,2025-06-12,Asia,Singapore,Furniture,Desk,2,200,400,229.23,170.77,B2C,Retail
ORD0043,2025-01-12,Europe,Italy,Electronics,Headphones,9,40,360,212.54,147.46,B2C,Partner
ORD0044,2025-06-30,Asia,Singapore,Electronics,Laptop,3,800,2400,1887.03,512.97,B2B,Partner
ORD0045,2025-01-10,Asia,Singapore,Office Supplies,Notebook,14,5,70,40.73,29.27,B2C,Retail
ORD0046,2025-01-11,Asia,India,Office Supplies,Notebook,4,5,20,12.77,7.23,B2C,Partner
ORD0047,2025-02-09,Europe,France,Electronics,Monitor,1,180,180,107.07,72.93,B2C,Retail
ORD0048,2025-06-21,North America,USA,Furniture,Chair,4,60,240,154.95,85.05,B2B,Retail
ORD0049,2025-02-26,Europe,Spain,Furniture,Desk,8,200,1600,969.17,630.83,B2B,Retail
ORD0050,2025-03-26,Asia,India,Furniture,Desk,17,200,3400,2209.73,1190.27,B2C,Online
ORD0051,2025-01-30,Asia,India,Office Supplies,Pen Set,2,3,6,3.46,2.54,B2C,Retail
ORD0052,2025-03-22,Asia,Singapore,Office Supplies,Notebook,13,5,65,50.37,14.63,B2B,Retail
ORD0053,2025-01-12,North America,Canada,Electronics,Keyboard,18,35,630,454.68,175.32,B2B,Retail
ORD0054,2025-04-21,Europe,Italy,Office Supplies,Pen Set,4,3,12,8.76,3.24,B2C,Partner
ORD0055,2025-03-21,North America,Canada,Furniture,Desk,10,200,2000,1377.21,622.79,B2B,Retail
ORD0056,2025-06-20,Asia,Singapore,Office Supplies,Notebook,20,5,100,69.23,30.77,B2C,Partner
ORD0057,2025-01-01,Asia,Japan,Electronics,Monitor,19,180,3420,2399.7,1020.3,B2C,Retail
ORD0058,2025-04-24,Asia,Singapore,Electronics,Keyboard,16,35,560,419.12,140.88,B2B,Partner
ORD0059,2025-01-22,Asia,Singapore,Office Supplies,Printer Paper,20,8,160,101.41,58.59,B2B,Partner
ORD0060,2025-03-21,Europe,France,Electronics,Laptop,2,800,1600,977.94,622.06,B2C,Partner
ORD0061,2025-01-19,Asia,Japan,Office Supplies,Printer Paper,7,8,56,40.86,15.14,B2C,Retail
ORD0062,2025-04-13,Europe,France,Office Supplies,Printer Paper,1,8,8,6.19,1.81,B2B,Retail
ORD0063,2025-02-26,Europe,Netherlands,Furniture,Chair,18,60,1080,661.28,418.72,B2B,Retail
ORD0064,2025-02-04,Asia,Singapore,Office Supplies,Printer Paper,20,8,160,100.69,59.31,B2C,Partner
ORD0065,2025-05-10,Asia,Singapore,Furniture,Chair,16,60,960,636.02,323.98,B2B,Partner
ORD0066,2025-03-12,North America,Canada,Office Supplies,Notebook,9,5,45,29.7,15.3,B2C,Online
ORD0067,2025-03-11,Asia,Japan,Office Supplies,Notebook,5,5,25,14.69,10.31,B2C,Partner
ORD0068,2025-02-09,North America,USA,Electronics,Monitor,14,180,2520,1594.46,925.54,B2C,Retail
ORD0069,2025-01-16,Europe,Spain,Furniture,Shelf,1,120,120,91.7,28.3,B2C,Retail
ORD0070,2025-01-02,Asia,Japan,Furniture,Desk,18,200,3600,2652.76,947.24,B2B,Retail
ORD0071,2025-02-26,Asia,Japan,Furniture,Chair,13,60,780,494.55,285.45,B2C,Partner
ORD0072,2025-02-12,Asia,India,Office Supplies,Printer Paper,1,8,8,6.21,1.79,B2B,Online
ORD0073,2025-06-14,Asia,India,Furniture,Chair,2,60,120,73.8,46.2,B2C,Online
ORD0074,2025-04-27,Asia,Japan,Furniture,Desk,14,200,2800,1716.59,1083.41,B2B,Retail
ORD0075,2025-01-05,North America,USA,Furniture,Chair,3,60,180,134.16,45.84,B2B,Online
ORD0076,2025-03-05,Europe,Germany,Office Supplies,Notebook,8,5,40,23.26,16.74,B2B,Partner
ORD0077,2025-02-25,Asia,Singapore,Furniture,Desk,6,200,1200,841.77,358.23,B2B,Online
ORD0078,2025-03-21,Europe,Netherlands,Electronics,Tablet,19,250,4750,3416.85,1333.15,B2C,Retail
ORD0079,2025-02-20,Europe,Netherlands,Office Supplies,Printer Paper,8,8,64,36.83,27.17,B2C,Partner
ORD0080,2025-06-03,Europe,Netherlands,Electronics,Tablet,18,250,4500,2956.93,1543.07,B2C,Online
ORD0081,2025-05-10,North America,Canada,Electronics,Monitor,16,180,2880,1659.99,1220.01,B2C,Partner
ORD0082,2025-04-28,North America,USA,Furniture,Chair,17,60,1020,807.2,212.8,B2C,Partner
ORD0083,2025-05-18,Asia,Japan,Furniture,Shelf,19,120,2280,1406.99,873.01,B2B,Online
ORD0084,2025-03-13,Asia,India,Furniture,Shelf,20,120,2400,1720.91,679.09,B2C,Online
ORD0085,2025-05-07,Asia,India,Furniture,Chair,12,60,720,539.61,180.39,B2C,Retail
ORD0086,2025-06-02,North America,Canada,Office Supplies,Notebook,17,5,85,66.9,18.1,B2B,Online
ORD0087,2025-04-15,Asia,Singapore,Electronics,Headphones,16,40,640,455.34,184.66,B2C,Retail
ORD0088,2025-01-05,Europe,Italy,Electronics,Monitor,8,180,1440,902.23,537.77,B2C,Retail
ORD0089,2025-05-22,North America,Canada,Furniture,Shelf,18,120,2160,1366.63,793.37,B2C,Retail
ORD0090,2025-03-20,Asia,India,Electronics,Headphones,7,40,280,176.09,103.91,B2B,Online
ORD0091,2025-02-25,North America,Canada,Furniture,Shelf,19,120,2280,1810.67,469.33,B2C,Online
ORD0092,2025-02-19,Asia,India,Furniture,Chair,10,60,600,332.12,267.88,B2B,Retail
ORD0093,2025-01-12,Europe,Netherlands,Furniture,Shelf,5,120,600,425.68,174.32,B2C,Online
ORD0094,2025-01-04,North America,Canada,Furniture,Desk,15,200,3000,1905.53,1094.47,B2B,Retail
ORD0095,2025-05-03,Europe,Germany,Furniture,Desk,3,200,600,416.55,183.45,B2B,Online
ORD0096,2025-02-08,North America,Canada,Electronics,Mobile,4,300,1200,827.42,372.58,B2C,Partner
ORD0097,2025-06-02,North America,USA,Office Supplies,Pen Set,15,3,45,34.97,10.03,B2C,Partner
ORD0098,2025-04-20,Asia,Singapore,Office Supplies,Notebook,20,5,100,79.0,21.0,B2B,Online
ORD0099,2025-06-10,Europe,Italy,Office Supplies,Notebook,6,5,30,18.3,11.7,B2B,Online
ORD0100,2025-01-01,Asia,Japan,Office Supplies,Printer Paper,16,8,128,79.72,48.28,B2B,Retail
ORD0101,2025-06-30,Asia,Singapore,Furniture,Chair,8,60,480,374.87,105.13,B2B,Retail
ORD0102,2025-01-30,North America,USA,Office Supplies,Notebook,9,5,45,34.05,10.95,B2B,Online
ORD0103,2025-02-12,Asia,Singapore,Office Supplies,Printer Paper,10,8,80,52.78,27.22,B2C,Partner
ORD0104,2025-03-19,North America,Canada,Furniture,Shelf,18,120,2160,1454.65,705.35,B2B,Partner
ORD0105,2025-01-11,Asia,Singapore,Furniture,Shelf,9,120,1080,600.98,479.02,B2B,Partner
ORD0106,2025-05-28,North America,USA,Office Supplies,Pen Set,19,3,57,31.92,25.08,B2B,Retail
ORD0107,2025-05-13,North America,Canada,Furniture,Chair,19,60,1140,751.23,388.77,B2C,Online
ORD0108,2025-05-01,Asia,Japan,Furniture,Desk,4,200,800,611.55,188.45,B2C,Retail
ORD0109,2025-06-27,Asia,Japan,Office Supplies,Pen Set,18,3,54,30.2,23.8,B2B,Retail
ORD0110,2025-03-06,Asia,India,Furniture,Shelf,1,120,120,85.73,34.27,B2C,Retail
ORD0111,2025-01-14,Europe,Netherlands,Furniture,Shelf,16,120,1920,1356.2,563.8,B2B,Online
ORD0112,2025-03-10,North America,USA,Furniture,Desk,16,200,3200,1857.14,1342.86,B2B,Partner
ORD0113,2025-02-10,Asia,Singapore,Electronics,Keyboard,14,35,490,280.92,209.08,B2B,Retail
ORD0114,2025-01-31,North America,USA,Furniture,Shelf,10,120,1200,812.66,387.34,B2C,Retail
ORD0115,2025-05-04,Asia,India,Furniture,Shelf,5,120,600,387.54,212.46,B2B,Online
ORD0116,2025-03-12,Asia,Japan,Office Supplies,Pen Set,1,3,3,1.86,1.14,B2C,Partner
ORD0117,2025-05-29,North America,Canada,Electronics,Monitor,18,180,3240,2174.32,1065.68,B2C,Partner
ORD0118,2025-05-20,Asia,Japan,Furniture,Chair,8,60,480,332.62,147.38,B2B,Retail
ORD0119,2025-01-12,Asia,Singapore,Furniture,Shelf,13,120,1560,1008.57,551.43,B2B,Retail
ORD0120,2025-01-10,Europe,Netherlands,Office Supplies,Pen Set,4,3,12,9.22,2.78,B2C,Online
ORD0121,2025-05-15,Asia,India,Office Supplies,Notebook,14,5,70,53.74,16.26,B2B,Online
ORD0122,2025-05-01,Asia,Japan,Office Supplies,Printer Paper,13,8,104,74.1,29.9,B2C,Partner
ORD0123,2025-05-17,Asia,Japan,Office Supplies,Printer Paper,16,8,128,98.32,29.68,B2B,Partner
ORD0124,2025-01-18,Europe,Italy,Electronics,Headphones,3,40,120,79.02,40.98,B2B,Partner
ORD0125,2025-06-30,Europe,Spain,Electronics,Headphones,10,40,400,310.34,89.66,B2B,Retail
ORD0126,2025-01-15,Asia,Japan,Furniture,Desk,5,200,1000,611.05,388.95,B2C,Partner
ORD0127,2025-06-24,Europe,France,Electronics,Laptop,20,800,16000,12283.36,3716.64,B2B,Retail
ORD0128,2025-05-30,Europe,France,Furniture,Shelf,9,120,1080,718.08,361.92,B2B,Retail
ORD0129,2025-03-15,North America,USA,Electronics,Monitor,12,180,2160,1721.33,438.67,B2C,Partner
ORD0130,2025-04-19,North America,Canada,Furniture,Desk,7,200,1400,1119.78,280.22,B2C,Online
ORD0131,2025-03-02,Asia,Singapore,Furniture,Shelf,10,120,1200,957.81,242.19,B2C,Online
ORD0132,2025-06-18,Asia,Japan,Electronics,Keyboard,2,35,70,54.44,15.56,B2C,Retail
ORD0133,2025-02-28,North America,Canada,Electronics,Headphones,7,40,280,197.46,82.54,B2B,Partner
ORD0134,2025-01-25,North America,USA,Furniture,Desk,2,200,400,277.96,122.04,B2B,Online
ORD0135,2025-03-17,Asia,Singapore,Furniture,Chair,7,60,420,244.88,175.12,B2C,Partner
ORD0136,2025-05-09,Asia,India,Furniture,Desk,10,200,2000,1473.28,526.72,B2C,Online
ORD0137,2025-04-30,Europe,France,Electronics,Headphones,13,40,520,411.75,108.25,B2C,Online
ORD0138,2025-04-12,Europe,Italy,Office Supplies,Notebook,15,5,75,48.16,26.84,B2C,Partner
ORD0139,2025-04-08,North America,Canada,Electronics,Headphones,8,40,320,213.72,106.28,B2C,Partner
ORD0140,2025-02-26,North America,USA,Office Supplies,Pen Set,10,3,30,21.37,8.63,B2B,Online
ORD0141,2025-01-12,Europe,Italy,Furniture,Chair,4,60,240,146.09,93.91,B2B,Retail
ORD0142,2025-04-27,Asia,Singapore,Office Supplies,Printer Paper,18,8,144,94.29,49.71,B2B,Retail
ORD0143,2025-06-17,Europe,Spain,Office Supplies,Pen Set,9,3,27,15.07,11.93,B2C,Online
ORD0144,2025-04-24,Asia,India,Furniture,Chair,12,60,720,494.0,226.0,B2C,Online
ORD0145,2025-04-12,Asia,India,Electronics,Monitor,3,180,540,386.47,153.53,B2B,Online
ORD0146,2025-03-27,Europe,France,Office Supplies,Notebook,3,5,15,11.36,3.64,B2B,Partner
ORD0147,2025-02-25,Europe,Italy,Electronics,Keyboard,1,35,35,21.68,13.32,B2B,Online
ORD0148,2025-05-19,Asia,India,Electronics,Headphones,1,40,40,23.32,16.68,B2C,Online
ORD0149,2025-05-31,Asia,India,Electronics,Tablet,2,250,500,290.84,209.16,B2C,Partner
ORD0150,2025-01-30,North America,USA,Furniture,Desk,12,200,2400,1627.94,772.06,B2B,Retail
ORD0151,2025-05-09,Europe,Netherlands,Electronics,Headphones,17,40,680,425.28,254.72,B2B,Online
ORD0152,2025-05-03,Asia,Japan,Office Supplies,Notebook,16,5,80,58.25,21.75,B2C,Online
ORD0153,2025-01-21,Asia,Singapore,Electronics,Laptop,5,800,4000,2475.02,1524.98,B2C,Retail
ORD0154,2025-06-02,North America,Canada,Furniture,Shelf,20,120,2400,1578.12,821.88,B2B,Partner
ORD0155,2025-06-16,North America,USA,Furniture,Desk,8,200,1600,1045.53,554.47,B2C,Retail
ORD0156,2025-04-17,North America,USA,Furniture,Desk,11,200,2200,1575.81,624.19,B2C,Online
ORD0157,2025-06-25,Asia,India,Electronics,Laptop,3,800,2400,1579.13,820.87,B2C,Online
ORD0158,2025-05-23,Europe,Netherlands,Office Supplies,Printer Paper,11,8,88,63.14,24.86,B2C,Retail
ORD0159,2025-06-20,Asia,Singapore,Electronics,Tablet,20,250,5000,3140.56,1859.44,B2B,Partner
ORD0160,2025-05-10,Europe,France,Office Supplies,Pen Set,8,3,24,18.28,5.72,B2C,Partner
ORD0161,2025-04-05,Europe,Italy,Office Supplies,Notebook,14,5,70,53.29,16.71,B2B,Partner
ORD0162,2025-06-18,North America,Canada,Electronics,Mobile,9,300,2700,1959.32,740.68,B2C,Retail
ORD0163,2025-03-31,Europe,France,Electronics,Keyboard,13,35,455,258.17,196.83,B2B,Online
ORD0164,2025-05-16,Europe,Spain,Furniture,Desk,11,200,2200,1296.58,903.42,B2C,Partner
ORD0165,2025-03-25,North America,USA,Electronics,Mobile,6,300,1800,1329.5,470.5,B2B,Partner
ORD0166,2025-01-21,Asia,Japan,Office Supplies,Pen Set,16,3,48,33.68,14.32,B2C,Retail
ORD0167,2025-02-25,North America,USA,Furniture,Desk,4,200,800,496.65,303.35,B2C,Partner
ORD0168,2025-06-20,Asia,India,Electronics,Monitor,20,180,3600,2029.3,1570.7,B2B,Retail
ORD0169,2025-02-24,Europe,Italy,Furniture,Desk,4,200,800,441.55,358.45,B2C,Online
ORD0170,2025-02-03,Asia,Singapore,Office Supplies,Notebook,17,5,85,58.62,26.38,B2C,Online
ORD0171,2025-04-12,North America,USA,Furniture,Chair,15,60,900,702.26,197.74,B2C,Partner
ORD0172,2025-04-20,North America,Canada,Office Supplies,Printer Paper,14,8,112,69.71,42.29,B2C,Online
ORD0173,2025-03-25,Europe,Netherlands,Furniture,Shelf,12,120,1440,823.73,616.27,B2B,Online
ORD0174,2025-04-22,North America,Canada,Office Supplies,Notebook,13,5,65,49.9,15.1,B2C,Online
ORD0175,2025-03-27,Europe,Germany,Office Supplies,Printer Paper,4,8,32,21.84,10.16,B2B,Retail
ORD0176,2025-03-31,North America,USA,Electronics,Laptop,5,800,4000,2455.97,1544.03,B2B,Partner
ORD0177,2025-02-09,North America,USA,Electronics,Headphones,16,40,640,426.23,213.77,B2C,Partner
ORD0178,2025-05-25,North America,Canada,Office Supplies,Pen Set,5,3,15,9.9,5.1,B2C,Retail
ORD0179,2025-06-11,Asia,Japan,Office Supplies,Notebook,12,5,60,40.61,19.39,B2C,Retail
ORD0180,2025-04-26,Europe,Germany,Furniture,Desk,3,200,600,426.7,173.3,B2B,Partner
ORD0181,2025-06-02,North America,Canada,Furniture,Shelf,18,120,2160,1703.28,456.72,B2B,Retail
ORD0182,2025-05-27,North America,USA,Furniture,Shelf,16,120,1920,1296.66,623.34,B2B,Retail
ORD0183,2025-01-27,Asia,Singapore,Electronics,Keyboard,6,35,210,117.55,92.45,B2C,Retail
ORD0184,2025-05-15,North America,USA,Furniture,Desk,10,200,2000,1293.71,706.29,B2C,Partner
ORD0185,2025-06-03,Europe,Italy,Electronics,Tablet,4,250,1000,689.49,310.51,B2C,Retail
ORD0186,2025-03-06,North America,USA,Furniture,Chair,19,60,1140,816.13,323.87,B2C,Retail
ORD0187,2025-06-17,North America,Canada,Electronics,Keyboard,3,35,105,65.88,39.12,B2C,Partner
ORD0188,2025-03-26,Europe,Netherlands,Electronics,Headphones,14,40,560,379.19,180.81,B2B,Retail
ORD0189,2025-03-21,Europe,France,Furniture,Desk,7,200,1400,849.29,550.71,B2B,Online
ORD0190,2025-01-20,Asia,India,Office Supplies,Printer Paper,17,8,136,76.08,59.92,B2C,Partner
ORD0191,2025-02-03,North America,Canada,Electronics,Mobile,6,300,1800,1364.11,435.89,B2B,Partner
ORD0192,2025-04-23,Europe,Spain,Furniture,Shelf,8,120,960,760.7,199.3,B2C,Partner
ORD0193,2025-04-25,Europe,Netherlands,Electronics,Tablet,16,250,4000,3103.97,896.03,B2B,Retail
ORD0194,2025-06-23,North America,Canada,Furniture,Desk,13,200,2600,1756.89,843.11,B2C,Online
ORD0195,2025-02-21,North America,USA,Furniture,Chair,16,60,960,737.79,222.21,B2B,Partner
ORD0196,2025-05-13,Europe,Italy,Electronics,Mobile,9,300,2700,1788.29,911.71,B2B,Retail
ORD0197,2025-01-24,Europe,Spain,Furniture,Chair,14,60,840,473.18,366.82,B2C,Online
ORD0198,2025-04-09,Europe,Italy,Electronics,Laptop,11,800,8800,6887.82,1912.18,B2C,Online
ORD0199,2025-02-05,Europe,Italy,Furniture,Shelf,5,120,600,443.83,156.17,B2C,Retail
ORD0200,2025-06-07,Europe,Germany,Electronics,Tablet,7,250,1750,1327.8,422.2,B2C,Online
ORD0201,2025-03-15,Europe,Italy,Electronics,Laptop,8,800,6400,4191.72,2208.28,B2C,Online
ORD0202,2025-01-29,Asia,Singapore,Office Supplies,Notebook,17,5,85,58.97,26.03,B2B,Retail
ORD0203,2025-04-20,Europe,Netherlands,Furniture,Chair,19,60,1140,745.72,394.28,B2B,Partner
ORD0204,2025-04-03,Europe,Netherlands,Office Supplies,Printer Paper,17,8,136,93.64,42.36,B2C,Retail
ORD0205,2025-01-12,North America,Canada,Furniture,Desk,1,200,200,127.85,72.15,B2B,Retail
ORD0206,2025-03-03,North America,USA,Office Supplies,Printer Paper,11,8,88,51.34,36.66,B2C,Partner
ORD0207,2025-03-28,North America,USA,Office Supplies,Pen Set,16,3,48,33.98,14.02,B2B,Online
ORD0208,2025-04-28,Europe,Italy,Electronics,Laptop,7,800,5600,4320.11,1279.89,B2C,Retail
ORD0209,2025-05-12,Asia,Singapore,Furniture,Desk,2,200,400,295.33,104.67,B2B,Retail
ORD0210,2025-04-02,Europe,Italy,Furniture,Chair,12,60,720,474.65,245.35,B2C,Partner
ORD0211,2025-04-23,Asia,Japan,Electronics,Monitor,16,180,2880,1848.49,1031.51,B2C,Online
ORD0212,2025-04-19,Europe,Spain,Office Supplies,Notebook,18,5,90,56.11,33.89,B2B,Online
ORD0213,2025-03-25,North America,Canada,Furniture,Desk,20,200,4000,2917.66,1082.34,B2B,Partner
ORD0214,2025-04-24,Asia,Japan,Electronics,Headphones,12,40,480,337.78,142.22,B2C,Retail
ORD0215,2025-06-13,Europe,Germany,Office Supplies,Printer Paper,13,8,104,66.65,37.35,B2B,Online
ORD0216,2025-02-06,North America,Canada,Electronics,Mobile,3,300,900,548.1,351.9,B2C,Retail
ORD0217,2025-04-09,North America,USA,Office Supplies,Notebook,15,5,75,59.04,15.96,B2C,Retail
ORD0218,2025-01-20,North America,USA,Office Supplies,Pen Set,13,3,39,24.52,14.48,B2C,Online
ORD0219,2025-01-30,Europe,France,Furniture,Shelf,13,120,1560,1214.28,345.72,B2B,Retail
ORD0220,2025-03-08,North America,Canada,Electronics,Keyboard,10,35,350,253.22,96.78,B2C,Online
ORD0221,2025-02-01,Europe,Germany,Furniture,Chair,15,60,900,719.38,180.62,B2C,Partner
ORD0222,2025-03-30,North America,USA,Office Supplies,Printer Paper,10,8,80,61.83,18.17,B2B,Partner
ORD0223,2025-06-29,North America,USA,Furniture,Shelf,8,120,960,557.13,402.87,B2B,Online
ORD0224,2025-03-02,Asia,India,Furniture,Shelf,19,120,2280,1464.28,815.72,B2B,Partner
ORD0225,2025-01-23,Europe,Italy,Furniture,Shelf,16,120,1920,1308.33,611.67,B2C,Partner
ORD0226,2025-01-19,Europe,Italy,Office Supplies,Notebook,15,5,75,49.98,25.02,B2C,Online
ORD0227,2025-05-22,North America,USA,Electronics,Monitor,17,180,3060,2379.69,680.31,B2B,Online
ORD0228,2025-05-13,Europe,Italy,Electronics,Mobile,11,300,3300,2586.16,713.84,B2B,Retail
ORD0229,2025-05-13,Asia,India,Furniture,Chair,18,60,1080,668.1,411.9,B2C,Partner
ORD0230,2025-05-17,Europe,Netherlands,Office Supplies,Notebook,19,5,95,74.61,20.39,B2B,Online
ORD0231,2025-06-18,North America,Canada,Office Supplies,Notebook,1,5,5,2.85,2.15,B2C,Partner
ORD0232,2025-02-23,North America,Canada,Office Supplies,Printer Paper,1,8,8,5.4,2.6,B2C,Partner
ORD0233,2025-03-19,Asia,India,Office Supplies,Pen Set,10,3,30,19.9,10.1,B2B,Online
ORD0234,2025-04-23,Asia,Japan,Furniture,Chair,11,60,660,463.1,196.9,B2C,Partner
ORD0235,2025-03-23,North America,Canada,Furniture,Chair,12,60,720,488.7,231.3,B2B,Retail
ORD0236,2025-03-03,Asia,India,Furniture,Desk,8,200,1600,936.35,663.65,B2B,Retail
ORD0237,2025-04-09,North America,Canada,Electronics,Mobile,11,300,3300,2585.35,714.65,B2C,Online
ORD0238,2025-02-10,Asia,Singapore,Furniture,Desk,10,200,2000,1348.69,651.31,B2B,Retail
ORD0239,2025-05-10,Asia,India,Electronics,Keyboard,12,35,420,236.11,183.89,B2C,Retail
ORD0240,2025-06-02,North America,Canada,Furniture,Shelf,1,120,120,91.42,28.58,B2C,Online
ORD0241,2025-03-09,North America,Canada,Furniture,Desk,2,200,400,260.06,139.94,B2B,Retail
ORD0242,2025-05-22,Asia,India,Furniture,Shelf,15,120,1800,1333.98,466.02,B2C,Partner
ORD0243,2025-06-24,North America,USA,Electronics,Laptop,13,800,10400,6690.32,3709.68,B2C,Partner
ORD0244,2025-04-04,Europe,France,Office Supplies,Printer Paper,13,8,104,70.2,33.8,B2B,Online
ORD0245,2025-02-05,North America,Canada,Furniture,Shelf,15,120,1800,1057.02,742.98,B2B,Retail
ORD0246,2025-06-06,Asia,India,Furniture,Shelf,10,120,1200,838.12,361.88,B2C,Partner
ORD0247,2025-05-25,Asia,Japan,Electronics,Tablet,11,250,2750,1975.74,774.26,B2C,Partner
ORD0248,2025-03-20,North America,USA,Office Supplies,Pen Set,9,3,27,21.38,5.62,B2B,Partner
ORD0249,2025-01-14,North America,Canada,Electronics,Keyboard,20,35,700,520.56,179.44,B2C,Online
ORD0250,2025-06-24,Europe,Germany,Office Supplies,Printer Paper,4,8,32,19.13,12.87,B2C,Retail
ORD0251,2025-04-18,Europe,Spain,Office Supplies,Notebook,14,5,70,47.28,22.72,B2C,Partner
ORD0252,2025-01-16,North America,USA,Office Supplies,Notebook,18,5,90,56.81,33.19,B2C,Partner
ORD0253,2025-04-07,Asia,India,Furniture,Shelf,11,120,1320,906.27,413.73,B2C,Partner
ORD0254,2025-05-04,Europe,France,Furniture,Shelf,10,120,1200,727.46,472.54,B2C,Retail
ORD0255,2025-06-30,Europe,Spain,Furniture,Desk,12,200,2400,1656.29,743.71,B2C,Retail
ORD0256,2025-02-01,North America,Canada,Furniture,Desk,5,200,1000,622.61,377.39,B2C,Partner
ORD0257,2025-01-21,Asia,Japan,Office Supplies,Pen Set,16,3,48,28.97,19.03,B2C,Partner
ORD0258,2025-06-28,Asia,India,Electronics,Keyboard,19,35,665,405.53,259.47,B2B,Partner
ORD0259,2025-05-16,Europe,France,Electronics,Laptop,14,800,11200,7084.82,4115.18,B2C,Online
ORD0260,2025-06-24,Europe,Germany,Office Supplies,Notebook,14,5,70,49.93,20.07,B2C,Retail
ORD0261,2025-06-16,Europe,Italy,Furniture,Desk,2,200,400,310.79,89.21,B2B,Partner
ORD0262,2025-05-27,Europe,Netherlands,Office Supplies,Printer Paper,2,8,16,12.45,3.55,B2B,Retail
ORD0263,2025-02-15,Europe,Spain,Furniture,Chair,10,60,600,461.51,138.49,B2B,Retail
ORD0264,2025-05-26,North America,USA,Furniture,Desk,15,200,3000,2391.82,608.18,B2C,Online
ORD0265,2025-05-10,Asia,Japan,Electronics,Laptop,11,800,8800,5197.49,3602.51,B2C,Partner
ORD0266,2025-03-07,North America,USA,Electronics,Headphones,11,40,440,328.98,111.02,B2B,Online
ORD0267,2025-06-06,North America,Canada,Furniture,Shelf,11,120,1320,754.62,565.38,B2B,Online
ORD0268,2025-02-05,Asia,Japan,Electronics,Laptop,9,800,7200,4650.43,2549.57,B2C,Retail
ORD0269,2025-03-26,Asia,Singapore,Office Supplies,Printer Paper,1,8,8,4.92,3.08,B2C,Partner
ORD0270,2025-03-02,Europe,Germany,Furniture,Desk,6,200,1200,781.62,418.38,B2C,Partner
ORD0271,2025-01-31,North America,Canada,Furniture,Shelf,8,120,960,580.59,379.41,B2B,Retail
ORD0272,2025-02-09,Asia,Singapore,Office Supplies,Pen Set,14,3,42,30.47,11.53,B2C,Partner
ORD0273,2025-06-20,Europe,France,Office Supplies,Printer Paper,3,8,24,16.35,7.65,B2C,Online
ORD0274,2025-05-25,Europe,Germany,Office Supplies,Printer Paper,7,8,56,38.82,17.18,B2B,Online
ORD0275,2025-03-25,North America,Canada,Electronics,Headphones,7,40,280,204.18,75.82,B2C,Online
ORD0276,2025-05-11,Asia,India,Furniture,Chair,17,60,1020,666.93,353.07,B2B,Partner
ORD0277,2025-04-29,North America,Canada,Office Supplies,Notebook,13,5,65,39.88,25.12,B2B,Partner
ORD0278,2025-02-25,North America,USA,Electronics,Monitor,12,180,2160,1566.21,593.79,B2B,Online
ORD0279,2025-05-01,Europe,Italy,Furniture,Chair,5,60,300,222.44,77.56,B2C,Retail
ORD0280,2025-04-08,Asia,Japan,Furniture,Chair,18,60,1080,629.91,450.09,B2C,Online
ORD0281,2025-02-15,North America,Canada,Office Supplies,Notebook,8,5,40,30.35,9.65,B2B,Retail
ORD0282,2025-04-29,North America,Canada,Office Supplies,Pen Set,8,3,24,14.69,9.31,B2C,Online
ORD0283,2025-03-12,Europe,Germany,Electronics,Headphones,14,40,560,394.09,165.91,B2B,Online
ORD0284,2025-02-22,Europe,Germany,Office Supplies,Notebook,15,5,75,52.46,22.54,B2B,Online
ORD0285,2025-01-12,Asia,Japan,Electronics,Keyboard,7,35,245,180.96,64.04,B2B,Online
ORD0286,2025-05-09,Asia,India,Office Supplies,Printer Paper,11,8,88,61.1,26.9,B2C,Online
ORD0287,2025-03-19,Europe,Netherlands,Electronics,Monitor,10,180,1800,1113.82,686.18,B2B,Partner
ORD0288,2025-06-23,Asia,Singapore,Furniture,Chair,12,60,720,565.49,154.51,B2C,Partner
ORD0289,2025-03-23,North America,Canada,Furniture,Chair,10,60,600,386.47,213.53,B2C,Online
ORD0290,2025-02-27,Asia,Singapore,Electronics,Monitor,2,180,360,248.61,111.39,B2C,Partner
ORD0291,2025-05-16,Europe,Spain,Electronics,Tablet,7,250,1750,1106.99,643.01,B2B,Retail
ORD0292,2025-04-05,Europe,Netherlands,Office Supplies,Notebook,2,5,10,6.17,3.83,B2B,Online
ORD0293,2025-02-18,North America,USA,Furniture,Chair,11,60,660,413.03,246.97,B2B,Online
ORD0294,2025-02-18,North America,USA,Office Supplies,Pen Set,8,3,24,17.37,6.63,B2B,Retail
ORD0295,2025-03-03,North America,Canada,Furniture,Desk,15,200,3000,2050.24,949.76,B2C,Retail
ORD0296,2025-03-08,Asia,Singapore,Furniture,Desk,4,200,800,600.56,199.44,B2C,Retail
ORD0297,2025-02-22,Asia,Japan,Furniture,Chair,19,60,1140,873.26,266.74,B2B,Online
ORD0298,2025-03-08,North America,Canada,Furniture,Chair,7,60,420,265.64,154.36,B2C,Partner
ORD0299,2025-03-04,Asia,Singapore,Office Supplies,Printer Paper,11,8,88,54.06,33.94,B2C,Partner
ORD0300,2025-06-14,North America,Canada,Furniture,Chair,12,60,720,426.47,293.53,B2C,Online
ORD0301,2025-05-19,North America,USA,Office Supplies,Notebook,3,5,15,11.79,3.21,B2B,Online
ORD0302,2025-04-16,Europe,France,Electronics,Headphones,5,40,200,110.46,89.54,B2C,Retail
ORD0303,2025-01-16,North America,Canada,Office Supplies,Pen Set,1,3,3,1.65,1.35,B2C,Online
ORD0304,2025-01-05,North America,Canada,Office Supplies,Pen Set,1,3,3,2.03,0.97,B2C,Online
ORD0305,2025-01-28,Europe,Netherlands,Electronics,Mobile,7,300,2100,1480.38,619.62,B2C,Retail
ORD0306,2025-03-10,Asia,India,Furniture,Desk,15,200,3000,2073.75,926.25,B2B,Retail
ORD0307,2025-06-25,Europe,Germany,Electronics,Monitor,13,180,2340,1507.64,832.36,B2C,Online
ORD0308,2025-06-13,Europe,France,Electronics,Monitor,14,180,2520,1792.29,727.71,B2C,Partner
ORD0309,2025-01-25,North America,USA,Electronics,Mobile,19,300,5700,3812.59,1887.41,B2B,Online
ORD0310,2025-06-25,Asia,Singapore,Office Supplies,Printer Paper,2,8,16,9.52,6.48,B2C,Online
ORD0311,2025-02-23,North America,USA,Office Supplies,Pen Set,3,3,9,5.62,3.38,B2B,Partner
ORD0312,2025-04-10,North America,Canada,Furniture,Shelf,5,120,600,448.57,151.43,B2B,Partner
ORD0313,2025-03-30,Europe,Germany,Furniture,Chair,3,60,180,114.33,65.67,B2C,Retail
ORD0314,2025-01-08,North America,Canada,Furniture,Desk,8,200,1600,1022.32,577.68,B2C,Retail
ORD0315,2025-02-17,North America,Canada,Electronics,Keyboard,10,35,350,262.33,87.67,B2B,Online
ORD0316,2025-03-10,Europe,Spain,Office Supplies,Printer Paper,5,8,40,29.4,10.6,B2C,Retail
ORD0317,2025-01-28,Europe,Germany,Furniture,Desk,12,200,2400,1776.81,623.19,B2B,Online
ORD0318,2025-01-23,Europe,Spain,Furniture,Shelf,18,120,2160,1464.72,695.28,B2B,Online
ORD0319,2025-01-23,Asia,Singapore,Electronics,Keyboard,20,35,700,522.28,177.72,B2C,Online
ORD0320,2025-03-16,Asia,Japan,Electronics,Headphones,18,40,720,558.94,161.06,B2B,Partner
ORD0321,2025-05-14,Europe,Spain,Electronics,Mobile,9,300,2700,1688.26,1011.74,B2C,Online
ORD0322,2025-01-17,Europe,Spain,Furniture,Desk,10,200,2000,1342.12,657.88,B2B,Retail
ORD0323,2025-03-06,Europe,Spain,Office Supplies,Printer Paper,7,8,56,37.21,18.79,B2B,Retail
ORD0324,2025-01-02,Asia,Japan,Office Supplies,Pen Set,11,3,33,21.78,11.22,B2C,Partner
ORD0325,2025-06-02,Europe,Italy,Furniture,Shelf,7,120,840,562.59,277.41,B2B,Retail
ORD0326,2025-03-23,Asia,Singapore,Office Supplies,Printer Paper,16,8,128,101.37,26.63,B2B,Retail
ORD0327,2025-04-07,Asia,Japan,Furniture,Chair,19,60,1140,683.94,456.06,B2B,Partner
ORD0328,2025-05-21,Europe,Spain,Office Supplies,Notebook,15,5,75,56.21,18.79,B2B,Retail
ORD0329,2025-06-22,Asia,India,Office Supplies,Pen Set,8,3,24,14.72,9.28,B2B,Partner
ORD0330,2025-04-19,Asia,India,Furniture,Shelf,16,120,1920,1335.48,584.52,B2C,Partner
ORD0331,2025-01-10,Asia,Singapore,Office Supplies,Printer Paper,3,8,24,13.86,10.14,B2B,Partner
ORD0332,2025-06-20,Asia,India,Office Supplies,Printer Paper,2,8,16,11.05,4.95,B2C,Retail
ORD0333,2025-04-21,Europe,Germany,Electronics,Tablet,8,250,2000,1355.34,644.66,B2B,Retail
ORD0334,2025-04-06,Asia,Japan,Office Supplies,Printer Paper,17,8,136,79.93,56.07,B2B,Retail
ORD0335,2025-01-27,Asia,Japan,Electronics,Laptop,5,800,4000,2548.33,1451.67,B2C,Retail
ORD0336,2025-02-22,North America,Canada,Furniture,Desk,4,200,800,527.63,272.37,B2C,Retail
ORD0337,2025-01-18,Asia,India,Office Supplies,Notebook,1,5,5,3.81,1.19,B2B,Partner
ORD0338,2025-02-12,North America,USA,Office Supplies,Notebook,18,5,90,53.1,36.9,B2C,Retail
ORD0339,2025-03-01,Asia,Singapore,Electronics,Mobile,14,300,4200,2725.36,1474.64,B2B,Retail
ORD0340,2025-06-01,Asia,Japan,Electronics,Headphones,7,40,280,168.4,111.6,B2B,Partner
ORD0341,2025-01-27,North America,USA,Furniture,Desk,7,200,1400,930.14,469.86,B2C,Partner
ORD0342,2025-05-06,North America,Canada,Office Supplies,Pen Set,20,3,60,38.89,21.11,B2B,Retail
ORD0343,2025-04-01,Asia,Singapore,Electronics,Headphones,10,40,400,311.87,88.13,B2B,Partner
ORD0344,2025-02-04,Asia,India,Electronics,Tablet,4,250,1000,595.76,404.24,B2B,Partner
ORD0345,2025-04-10,Asia,Singapore,Electronics,Keyboard,13,35,455,298.37,156.63,B2C,Partner
ORD0346,2025-05-18,North America,USA,Office Supplies,Notebook,16,5,80,49.78,30.22,B2B,Retail
ORD0347,2025-04-26,North America,USA,Furniture,Chair,16,60,960,560.77,399.23,B2C,Partner
ORD0348,2025-05-10,North America,Canada,Furniture,Shelf,16,120,1920,1255.5,664.5,B2C,Retail
ORD0349,2025-02-12,Europe,Netherlands,Electronics,Mobile,10,300,3000,1674.52,1325.48,B2B,Partner
ORD0350,2025-03-15,Europe,Spain,Office Supplies,Printer Paper,16,8,128,87.99,40.01,B2B,Partner
ORD0351,2025-01-30,Asia,Singapore,Furniture,Shelf,2,120,240,177.6,62.4,B2C,Partner
ORD0352,2025-02-25,Asia,India,Office Supplies,Printer Paper,8,8,64,39.96,24.04,B2B,Retail
ORD0353,2025-03-09,Asia,India,Furniture,Chair,8,60,480,289.19,190.81,B2C,Partner
ORD0354,2025-06-06,North America,Canada,Electronics,Keyboard,5,35,175,130.59,44.41,B2B,Online
ORD0355,2025-05-26,Asia,Singapore,Furniture,Shelf,18,120,2160,1278.92,881.08,B2C,Retail
ORD0356,2025-05-27,Asia,Singapore,Office Supplies,Notebook,5,5,25,19.77,5.23,B2C,Online
ORD0357,2025-03-12,North America,USA,Office Supplies,Notebook,8,5,40,23.46,16.54,B2C,Online
ORD0358,2025-06-23,Asia,Japan,Electronics,Keyboard,9,35,315,222.69,92.31,B2C,Retail
ORD0359,2025-01-20,North America,USA,Furniture,Shelf,9,120,1080,781.57,298.43,B2C,Retail
ORD0360,2025-05-05,Asia,Singapore,Electronics,Headphones,3,40,120,87.93,32.07,B2C,Partner
ORD0361,2025-06-20,North America,Canada,Electronics,Keyboard,13,35,455,275.03,179.97,B2C,Online
ORD0362,2025-05-07,Asia,Japan,Furniture,Desk,18,200,3600,2500.14,1099.86,B2C,Retail
ORD0363,2025-06-24,Europe,Germany,Electronics,Headphones,15,40,600,332.44,267.56,B2B,Retail
ORD0364,2025-04-27,Europe,Spain,Electronics,Headphones,5,40,200,154.11,45.89,B2C,Online
ORD0365,2025-03-12,Europe,Italy,Furniture,Chair,12,60,720,515.61,204.39,B2B,Online
ORD0366,2025-04-12,North America,Canada,Office Supplies,Printer Paper,8,8,64,42.07,21.93,B2B,Partner
ORD0367,2025-01-25,Europe,France,Furniture,Chair,5,60,300,209.53,90.47,B2C,Online
ORD0368,2025-01-03,North America,Canada,Electronics,Monitor,5,180,900,602.48,297.52,B2B,Retail
ORD0369,2025-01-23,North America,USA,Electronics,Tablet,12,250,3000,2310.74,689.26,B2B,Retail
ORD0370,2025-02-04,North America,USA,Electronics,Keyboard,19,35,665,367.16,297.84,B2B,Retail
ORD0371,2025-03-31,North America,USA,Office Supplies,Printer Paper,5,8,40,31.2,8.8,B2C,Online
ORD0372,2025-01-23,Europe,France,Electronics,Keyboard,13,35,455,290.24,164.76,B2C,Retail
ORD0373,2025-02-05,Europe,Italy,Office Supplies,Notebook,8,5,40,27.53,12.47,B2C,Partner
ORD0374,2025-01-07,North America,Canada,Electronics,Keyboard,20,35,700,474.17,225.83,B2C,Retail
ORD0375,2025-06-15,Europe,France,Furniture,Desk,4,200,800,488.22,311.78,B2B,Partner
ORD0376,2025-01-04,Asia,Japan,Electronics,Monitor,19,180,3420,2240.84,1179.16,B2B,Retail
ORD0377,2025-01-19,Europe,Netherlands,Electronics,Laptop,9,800,7200,4348.34,2851.66,B2B,Retail
ORD0378,2025-05-10,Asia,Singapore,Office Supplies,Printer Paper,14,8,112,73.46,38.54,B2C,Online
ORD0379,2025-06-13,North America,USA,Furniture,Chair,10,60,600,341.85,258.15,B2B,Online
ORD0380,2025-05-18,Asia,Japan,Office Supplies,Printer Paper,3,8,24,15.06,8.94,B2C,Partner
ORD0381,2025-03-03,Europe,France,Electronics,Monitor,4,180,720,477.61,242.39,B2B,Retail
ORD0382,2025-06-20,North America,USA,Electronics,Laptop,5,800,4000,2901.5,1098.5,B2B,Retail
ORD0383,2025-03-30,North America,Canada,Electronics,Tablet,5,250,1250,921.81,328.19,B2C,Partner
ORD0384,2025-01-31,Europe,Italy,Furniture,Desk,17,200,3400,1924.29,1475.71,B2B,Retail
ORD0385,2025-04-27,North America,Canada,Electronics,Monitor,19,180,3420,2023.68,1396.32,B2B,Retail
ORD0386,2025-01-27,North America,USA,Electronics,Headphones,17,40,680,374.44,305.56,B2B,Online
ORD0387,2025-01-12,Asia,Japan,Furniture,Chair,6,60,360,281.8,78.2,B2B,Partner
ORD0388,2025-06-17,Asia,India,Furniture,Chair,14,60,840,654.33,185.67,B2C,Retail
ORD0389,2025-01-20,North America,Canada,Electronics,Keyboard,2,35,70,41.64,28.36,B2B,Retail
ORD0390,2025-01-18,Asia,Japan,Furniture,Desk,3,200,600,412.96,187.04,B2B,Retail
ORD0391,2025-02-21,Asia,Singapore,Furniture,Shelf,20,120,2400,1465.55,934.45,B2C,Partner
ORD0392,2025-05-07,Europe,Netherlands,Electronics,Mobile,1,300,300,234.93,65.07,B2B,Online
ORD0393,2025-05-19,Asia,Singapore,Office Supplies,Notebook,11,5,55,30.27,24.73,B2C,Partner
ORD0394,2025-03-20,Europe,France,Office Supplies,Notebook,14,5,70,47.11,22.89,B2B,Online
ORD0395,2025-03-13,Europe,Germany,Electronics,Keyboard,14,35,490,355.35,134.65,B2C,Retail
ORD0396,2025-01-22,North America,USA,Office Supplies,Notebook,13,5,65,36.97,28.03,B2B,Retail
ORD0397,2025-06-19,Europe,France,Furniture,Desk,11,200,2200,1719.32,480.68,B2C,Partner
ORD0398,2025-03-25,Asia,Japan,Furniture,Chair,3,60,180,141.46,38.54,B2B,Partner
ORD0399,2025-01-28,Europe,Germany,Electronics,Monitor,15,180,2700,1696.97,1003.03,B2B,Partner
ORD0400,2025-04-02,Europe,Spain,Furniture,Desk,9,200,1800,1373.62,426.38,B2B,Online
ORD0401,2025-06-25,Asia,Singapore,Office Supplies,Printer Paper,2,8,16,9.66,6.34,B2C,Online
ORD0402,2025-01-24,North America,USA,Furniture,Desk,17,200,3400,1911.61,1488.39,B2C,Retail
ORD0403,2025-02-14,Europe,Spain,Furniture,Shelf,18,120,2160,1322.92,837.08,B2C,Online
ORD0404,2025-02-05,Europe,Germany,Electronics,Mobile,5,300,1500,899.3,600.7,B2C,Retail
ORD0405,2025-06-25,North America,USA,Office Supplies,Printer Paper,9,8,72,56.11,15.89,B2B,Online
ORD0406,2025-01-17,Europe,Spain,Electronics,Laptop,11,800,8800,5109.56,3690.44,B2C,Online
ORD0407,2025-02-13,North America,Canada,Office Supplies,Pen Set,16,3,48,26.75,21.25,B2C,Online
ORD0408,2025-04-01,Europe,France,Furniture,Desk,15,200,3000,2312.57,687.43,B2B,Partner
ORD0409,2025-06-08,North America,USA,Office Supplies,Pen Set,16,3,48,31.34,16.66,B2C,Online
ORD0410,2025-01-23,Asia,Japan,Electronics,Monitor,7,180,1260,895.44,364.56,B2B,Partner
ORD0411,2025-05-20,Europe,Spain,Office Supplies,Pen Set,16,3,48,32.93,15.07,B2C,Retail
ORD0412,2025-05-25,North America,Canada,Furniture,Desk,6,200,1200,667.82,532.18,B2B,Online
ORD0413,2025-03-13,Europe,Spain,Office Supplies,Pen Set,19,3,57,45.59,11.41,B2B,Online
ORD0414,2025-03-05,North America,USA,Furniture,Shelf,2,120,240,177.84,62.16,B2B,Partner
ORD0415,2025-04-10,Asia,India,Electronics,Mobile,19,300,5700,3588.16,2111.84,B2C,Partner
ORD0416,2025-01-08,North America,Canada,Office Supplies,Printer Paper,5,8,40,27.63,12.37,B2B,Retail
ORD0417,2025-05-19,Asia,India,Furniture,Chair,3,60,180,101.53,78.47,B2B,Online
ORD0418,2025-05-15,Asia,India,Furniture,Shelf,7,120,840,631.35,208.65,B2C,Partner
ORD0419,2025-02-15,Asia,India,Electronics,Mobile,19,300,5700,4139.19,1560.81,B2B,Online
ORD0420,2025-05-15,Asia,India,Furniture,Shelf,13,120,1560,1086.55,473.45,B2C,Retail
ORD0421,2025-03-24,Europe,France,Office Supplies,Pen Set,16,3,48,34.19,13.81,B2B,Partner
ORD0422,2025-05-24,North America,Canada,Electronics,Headphones,19,40,760,572.75,187.25,B2C,Retail
ORD0423,2025-06-26,Asia,India,Electronics,Headphones,1,40,40,31.49,8.51,B2C,Partner
ORD0424,2025-01-09,Europe,Netherlands,Furniture,Shelf,8,120,960,681.52,278.48,B2B,Retail
ORD0425,2025-02-06,Asia,Singapore,Electronics,Mobile,12,300,3600,2864.14,735.86,B2B,Partner
ORD0426,2025-01-23,North America,Canada,Furniture,Chair,9,60,540,325.31,214.69,B2B,Retail
ORD0427,2025-03-07,Europe,Germany,Electronics,Monitor,15,180,2700,1979.49,720.51,B2B,Retail
ORD0428,2025-05-07,Asia,Japan,Office Supplies,Pen Set,4,3,12,9.09,2.91,B2B,Online
ORD0429,2025-04-26,Europe,Germany,Furniture,Chair,11,60,660,406.09,253.91,B2B,Online
ORD0430,2025-03-29,Europe,Spain,Electronics,Headphones,3,40,120,82.41,37.59,B2B,Retail
ORD0431,2025-06-02,North America,Canada,Office Supplies,Notebook,14,5,70,54.99,15.01,B2B,Partner
ORD0432,2025-04-22,Europe,Germany,Electronics,Tablet,7,250,1750,1388.8,361.2,B2C,Partner
ORD0433,2025-05-22,North America,Canada,Office Supplies,Pen Set,10,3,30,18.28,11.72,B2B,Retail
ORD0434,2025-05-27,North America,Canada,Electronics,Laptop,12,800,9600,5289.16,4310.84,B2B,Retail
ORD0435,2025-06-19,North America,Canada,Electronics,Laptop,1,800,800,481.39,318.61,B2C,Online
ORD0436,2025-05-02,Europe,Italy,Furniture,Desk,16,200,3200,2475.9,724.1,B2C,Online
ORD0437,2025-06-14,North America,Canada,Electronics,Tablet,13,250,3250,2087.64,1162.36,B2C,Online
ORD0438,2025-03-09,Asia,Japan,Furniture,Chair,9,60,540,373.17,166.83,B2B,Partner
ORD0439,2025-06-20,Europe,Germany,Office Supplies,Pen Set,18,3,54,35.29,18.71,B2B,Partner
ORD0440,2025-01-16,Asia,Singapore,Furniture,Shelf,16,120,1920,1330.9,589.1,B2B,Retail
ORD0441,2025-03-18,Europe,Spain,Office Supplies,Notebook,17,5,85,58.89,26.11,B2B,Online
ORD0442,2025-04-25,Europe,France,Electronics,Mobile,5,300,1500,841.0,659.0,B2B,Partner
ORD0443,2025-04-22,Europe,France,Office Supplies,Pen Set,11,3,33,25.66,7.34,B2B,Online
ORD0444,2025-04-10,North America,Canada,Office Supplies,Pen Set,9,3,27,18.36,8.64,B2B,Partner
ORD0445,2025-06-09,North America,Canada,Electronics,Monitor,5,180,900,528.34,371.66,B2B,Online
ORD0446,2025-05-25,Europe,Italy,Office Supplies,Pen Set,14,3,42,25.87,16.13,B2C,Partner
ORD0447,2025-06-05,Asia,India,Electronics,Tablet,13,250,3250,1904.38,1345.62,B2C,Online
ORD0448,2025-04-12,Asia,Singapore,Electronics,Laptop,16,800,12800,9986.67,2813.33,B2C,Online
ORD0449,2025-03-28,Asia,Japan,Furniture,Desk,4,200,800,634.5,165.5,B2B,Online
ORD0450,2025-03-18,North America,Canada,Furniture,Desk,14,200,2800,1963.49,836.51,B2B,Online
ORD0451,2025-04-24,Europe,Spain,Office Supplies,Pen Set,17,3,51,39.11,11.89,B2B,Partner
ORD0452,2025-02-10,Europe,Italy,Office Supplies,Printer Paper,13,8,104,60.73,43.27,B2B,Online
ORD0453,2025-02-19,Europe,Germany,Electronics,Laptop,15,800,12000,6751.68,5248.32,B2C,Partner
ORD0454,2025-02-20,Asia,Japan,Furniture,Shelf,13,120,1560,1105.81,454.19,B2B,Partner
ORD0455,2025-01-08,Europe,Italy,Furniture,Shelf,15,120,1800,1069.91,730.09,B2C,Partner
ORD0456,2025-05-22,Asia,Japan,Electronics,Tablet,3,250,750,465.95,284.05,B2C,Online
ORD0457,2025-02-11,North America,USA,Electronics,Headphones,8,40,320,230.22,89.78,B2C,Partner
ORD0458,2025-04-15,North America,USA,Office Supplies,Notebook,16,5,80,62.23,17.77,B2B,Partner
ORD0459,2025-01-03,Europe,Italy,Office Supplies,Pen Set,9,3,27,17.71,9.29,B2C,Retail
ORD0460,2025-04-28,Asia,India,Furniture,Desk,17,200,3400,2570.66,829.34,B2C,Partner
ORD0461,2025-01-27,Europe,Netherlands,Office Supplies,Pen Set,18,3,54,38.44,15.56,B2C,Retail
ORD0462,2025-06-25,Europe,Spain,Electronics,Tablet,9,250,2250,1597.83,652.17,B2C,Retail
ORD0463,2025-06-17,North America,Canada,Electronics,Mobile,17,300,5100,3780.98,1319.02,B2B,Partner
ORD0464,2025-04-14,North America,Canada,Office Supplies,Notebook,1,5,5,3.57,1.43,B2C,Retail
ORD0465,2025-04-18,Asia,Japan,Office Supplies,Notebook,19,5,95,69.07,25.93,B2B,Retail
ORD0466,2025-02-26,North America,Canada,Office Supplies,Pen Set,17,3,51,31.88,19.12,B2B,Partner
ORD0467,2025-05-23,Europe,Italy,Electronics,Monitor,5,180,900,661.71,238.29,B2B,Partner
ORD0468,2025-03-27,North America,USA,Electronics,Tablet,8,250,2000,1472.1,527.9,B2C,Retail
ORD0469,2025-03-26,Asia,Japan,Office Supplies,Pen Set,15,3,45,34.33,10.67,B2C,Online
ORD0470,2025-06-12,North America,USA,Furniture,Chair,17,60,1020,591.55,428.45,B2C,Partner
ORD0471,2025-03-18,Asia,India,Electronics,Mobile,7,300,2100,1334.9,765.1,B2C,Online
ORD0472,2025-03-22,North America,USA,Electronics,Monitor,11,180,1980,1401.36,578.64,B2B,Retail
ORD0473,2025-06-12,Europe,Germany,Furniture,Desk,7,200,1400,1036.42,363.58,B2B,Partner
ORD0474,2025-02-10,Asia,India,Electronics,Keyboard,14,35,490,347.1,142.9,B2C,Retail
ORD0475,2025-05-03,Asia,India,Electronics,Keyboard,7,35,245,179.5,65.5,B2B,Retail
ORD0476,2025-05-16,Europe,Germany,Office Supplies,Notebook,8,5,40,24.26,15.74,B2C,Retail
ORD0477,2025-02-03,Europe,Spain,Office Supplies,Printer Paper,10,8,80,47.34,32.66,B2B,Retail
ORD0478,2025-03-16,Asia,Singapore,Office Supplies,Printer Paper,17,8,136,86.29,49.71,B2B,Retail
ORD0479,2025-05-06,Asia,India,Electronics,Monitor,1,180,180,109.28,70.72,B2B,Online
ORD0480,2025-01-06,North America,USA,Electronics,Tablet,2,250,500,321.9,178.1,B2C,Partner
ORD0481,2025-06-09,Europe,Netherlands,Electronics,Headphones,4,40,160,114.14,45.86,B2B,Online
ORD0482,2025-06-26,Europe,Spain,Furniture,Desk,4,200,800,549.46,250.54,B2C,Partner
ORD0483,2025-02-09,Europe,Germany,Furniture,Desk,4,200,800,572.5,227.5,B2C,Partner
ORD0484,2025-06-05,North America,USA,Furniture,Chair,17,60,1020,744.29,275.71,B2B,Retail
ORD0485,2025-01-30,Europe,Spain,Electronics,Keyboard,7,35,245,182.4,62.6,B2B,Retail
ORD0486,2025-06-30,Asia,Japan,Electronics,Laptop,18,800,14400,9706.88,4693.12,B2B,Partner
ORD0487,2025-05-04,Asia,India,Electronics,Laptop,3,800,2400,1864.13,535.87,B2C,Online
ORD0488,2025-01-24,North America,USA,Office Supplies,Printer Paper,4,8,32,24.84,7.16,B2B,Retail
ORD0489,2025-03-17,Asia,Japan,Electronics,Laptop,6,800,4800,3688.97,1111.03,B2C,Retail
ORD0490,2025-06-23,Asia,Japan,Office Supplies,Notebook,4,5,20,15.26,4.74,B2B,Online
ORD0491,2025-02-05,North America,USA,Furniture,Desk,15,200,3000,2366.32,633.68,B2C,Partner
ORD0492,2025-01-24,Asia,Japan,Electronics,Laptop,13,800,10400,6760.65,3639.35,B2C,Retail
ORD0493,2025-04-09,North America,Canada,Furniture,Shelf,6,120,720,416.35,303.65,B2B,Online
ORD0494,2025-01-27,Asia,Singapore,Furniture,Shelf,15,120,1800,1071.57,728.43,B2C,Retail
ORD0495,2025-06-06,Europe,France,Furniture,Desk,4,200,800,617.52,182.48,B2C,Online
ORD0496,2025-01-17,Asia,Singapore,Furniture,Chair,17,60,1020,756.72,263.28,B2B,Partner
ORD0497,2025-03-28,North America,USA,Furniture,Shelf,8,120,960,643.66,316.34,B2C,Online
ORD0498,2025-05-23,North America,USA,Electronics,Headphones,6,40,240,162.33,77.67,B2C,Retail
ORD0499,2025-02-12,Europe,Spain,Furniture,Chair,11,60,660,523.07,136.93,B2B,Partner
ORD0500,2025-02-27,North America,Canada,Furniture,Chair,3,60,180,119.66,60.34,B2C,Online
